countryName:Arabic (Saudi Arabia);countryConde:ar-SA
countryName:Bulgarian (Bulgaria);countryConde:bg-BG
countryName:Catalan (Catalan);countryConde:ca-ES
countryName:Chinese (Taiwan);countryConde:zh-TW
countryName:Czech (Czech Republic);countryConde:cs-CZ
countryName:Danish (Denmark);countryConde:da-DK
countryName:German (Germany);countryConde:de-DE
countryName:Greek (Greece);countryConde:el-GR
countryName:English (United States);countryConde:en-US
countryName:Finnish (Finland);countryConde:fi-FI
countryName:French (France);countryConde:fr-FR
countryName:Hebrew (Israel);countryConde:he-IL
countryName:Hungarian (Hungary);countryConde:hu-HU
countryName:Icelandic (Iceland);countryConde:is-IS
countryName:Italian (Italy);countryConde:it-IT
countryName:Japanese (Japan);countryConde:ja-JP
countryName:Korean (Korea);countryConde:ko-KR
countryName:Dutch (Netherlands);countryConde:nl-NL
countryName:Norwegian, Bokm??l (Norway);countryConde:nb-NO
countryName:Polish (Poland);countryConde:pl-PL
countryName:Portuguese (Brazil);countryConde:pt-BR
countryName:Romanian (Romania);countryConde:ro-RO
countryName:Russian (Russia);countryConde:ru-RU
countryName:Croatian (Croatia);countryConde:hr-HR
countryName:Slovak (Slovakia);countryConde:sk-SK
countryName:Albanian (Albania);countryConde:sq-AL
countryName:Swedish (Sweden);countryConde:sv-SE
countryName:Thai (Thailand);countryConde:th-TH
countryName:Turkish (Turkey);countryConde:tr-TR
countryName:Urdu (Islamic Republic of Pakistan);countryConde:ur-PK
countryName:Indonesian (Indonesia);countryConde:id-ID
countryName:Ukrainian (Ukraine);countryConde:uk-UA
countryName:Belarusian (Belarus);countryConde:be-BY
countryName:Slovenian (Slovenia);countryConde:sl-SI
countryName:Estonian (Estonia);countryConde:et-EE
countryName:Latvian (Latvia);countryConde:lv-LV
countryName:Lithuanian (Lithuania);countryConde:lt-LT
countryName:Persian (Iran);countryConde:fa-IR
countryName:Vietnamese (Vietnam);countryConde:vi-VN
countryName:Armenian (Armenia);countryConde:hy-AM
countryName:Azeri (Latin, Azerbaijan);countryConde:az-Latn-AZ
countryName:Basque (Basque);countryConde:eu-ES
countryName:Macedonian (Former Yugoslav Republic of Macedonia);countryConde:mk-MK
countryName:Afrikaans (South Africa);countryConde:af-ZA
countryName:Georgian (Georgia);countryConde:ka-GE
countryName:Faroese (Faroe Islands);countryConde:fo-FO
countryName:Hindi (India);countryConde:hi-IN
countryName:Malay (Malaysia);countryConde:ms-MY
countryName:Kazakh (Kazakhstan);countryConde:kk-KZ
countryName:Kyrgyz (Kyrgyzstan);countryConde:ky-KG
countryName:Kiswahili (Kenya);countryConde:sw-KE
countryName:Uzbek (Latin, Uzbekistan);countryConde:uz-Latn-UZ
countryName:Tatar (Russia);countryConde:tt-RU
countryName:Punjabi (India);countryConde:pa-IN
countryName:Gujarati (India);countryConde:gu-IN
countryName:Tamil (India);countryConde:ta-IN
countryName:Telugu (India);countryConde:te-IN
countryName:Kannada (India);countryConde:kn-IN
countryName:Marathi (India);countryConde:mr-IN
countryName:Sanskrit (India);countryConde:sa-IN
countryName:Mongolian (Cyrillic, Mongolia);countryConde:mn-MN
countryName:Galician (Galician);countryConde:gl-ES
countryName:Konkani (India);countryConde:kok-IN
countryName:Syriac (Syria);countryConde:syr-SY
countryName:Divehi (Maldives);countryConde:dv-MV
countryName:Arabic (Iraq);countryConde:ar-IQ
countryName:Chinese (People's Republic of China);countryConde:zh-CN
countryName:German (Switzerland);countryConde:de-CH
countryName:English (United Kingdom);countryConde:en-GB
countryName:Spanish (Mexico);countryConde:es-MX
countryName:French (Belgium);countryConde:fr-BE
countryName:Italian (Switzerland);countryConde:it-CH
countryName:Dutch (Belgium);countryConde:nl-BE
countryName:Norwegian, Nynorsk (Norway);countryConde:nn-NO
countryName:Portuguese (Portugal);countryConde:pt-PT
countryName:Serbian (Latin, Serbia);countryConde:sr-Latn-CS
countryName:Swedish (Finland);countryConde:sv-FI
countryName:Azeri (Cyrillic, Azerbaijan);countryConde:az-Cyrl-AZ
countryName:Malay (Brunei Darussalam);countryConde:ms-BN
countryName:Uzbek (Cyrillic, Uzbekistan);countryConde:uz-Cyrl-UZ
countryName:Arabic (Egypt);countryConde:ar-EG
countryName:Chinese (Hong Kong S.A.R.);countryConde:zh-HK
countryName:German (Austria);countryConde:de-AT
countryName:English (Australia);countryConde:en-AU
countryName:Spanish (Spain);countryConde:es-ES
countryName:French (Canada);countryConde:fr-CA
countryName:Serbian (Cyrillic, Serbia);countryConde:sr-Cyrl-CS
countryName:Arabic (Libya);countryConde:ar-LY
countryName:Chinese (Singapore);countryConde:zh-SG
countryName:German (Luxembourg);countryConde:de-LU
countryName:English (Canada);countryConde:en-CA
countryName:Spanish (Guatemala);countryConde:es-GT
countryName:French (Switzerland);countryConde:fr-CH
countryName:Arabic (Algeria);countryConde:ar-DZ
countryName:Chinese (Macao S.A.R.);countryConde:zh-MO
countryName:German (Liechtenstein);countryConde:de-LI
countryName:English (New Zealand);countryConde:en-NZ
countryName:Spanish (Costa Rica);countryConde:es-CR
countryName:French (Luxembourg);countryConde:fr-LU
countryName:Arabic (Morocco);countryConde:ar-MA
countryName:English (Ireland);countryConde:en-IE
countryName:Spanish (Panama);countryConde:es-PA
countryName:French (Principality of Monaco);countryConde:fr-MC
countryName:Arabic (Tunisia);countryConde:ar-TN
countryName:English (South Africa);countryConde:en-ZA
countryName:Spanish (Dominican Republic);countryConde:es-DO
countryName:Arabic (Oman);countryConde:ar-OM
countryName:English (Jamaica);countryConde:en-JM
countryName:Spanish (Venezuela);countryConde:es-VE
countryName:Arabic (Yemen);countryConde:ar-YE
countryName:English (Caribbean);countryConde:en-029
countryName:Spanish (Colombia);countryConde:es-CO
countryName:Arabic (Syria);countryConde:ar-SY
countryName:English (Belize);countryConde:en-BZ
countryName:Spanish (Peru);countryConde:es-PE
countryName:Arabic (Jordan);countryConde:ar-JO
countryName:English (Trinidad and Tobago);countryConde:en-TT
countryName:Spanish (Argentina);countryConde:es-AR
countryName:Arabic (Lebanon);countryConde:ar-LB
countryName:English (Zimbabwe);countryConde:en-ZW
countryName:Spanish (Ecuador);countryConde:es-EC
countryName:Arabic (Kuwait);countryConde:ar-KW
countryName:English (Republic of the Philippines);countryConde:en-PH
countryName:Spanish (Chile);countryConde:es-CL
countryName:Arabic (U.A.E.);countryConde:ar-AE
countryName:Spanish (Uruguay);countryConde:es-UY
countryName:Arabic (Bahrain);countryConde:ar-BH
countryName:Spanish (Paraguay);countryConde:es-PY
countryName:Arabic (Qatar);countryConde:ar-QA
countryName:Spanish (Bolivia);countryConde:es-BO
countryName:Spanish (El Salvador);countryConde:es-SV
countryName:Spanish (Honduras);countryConde:es-HN
countryName:Spanish (Nicaragua);countryConde:es-NI
countryName:Spanish (Puerto Rico);countryConde:es-PR
countryName:Sami, Southern (Norway);countryConde:sma-NO
countryName:Serbian (Cyrillic, Bosnia and Herzegovina);countryConde:sr-Cyrl-BA
countryName:Zulu;countryConde:zu-ZA
countryName:Xhosa;countryConde:xh-ZA
countryName:Frisian (Netherlands);countryConde:fy-NL
countryName:Setswana (South Africa);countryConde:tn-ZA
countryName:Sami, Northern (Sweden);countryConde:se-SE
countryName:Sami, Southern (Sweden);countryConde:sma-SE
countryName:Filipino (Philippines);countryConde:fil-PH
countryName:Sami, Inari (Finland);countryConde:smn-FI
countryName:Quechua (Peru);countryConde:quz-PE
countryName:Sami, Northern (Finland);countryConde:se-FI
countryName:Sami, Skolt (Finland);countryConde:sms-FI
countryName:Welsh;countryConde:cy-GB
countryName:Croatian (Bosnia and Herzegovina);countryConde:hr-BA
countryName:Inuktitut (Latin, Canada);countryConde:iu-Latn-CA
countryName:Bosnian (Cyrillic, Bosnia and Herzegovina);countryConde:bs-Cyrl-BA
countryName:Mohawk (Mohawk);countryConde:moh-CA
countryName:Sami, Lule (Norway);countryConde:smj-NO
countryName:Mapudungun (Chile);countryConde:arn-CL
countryName:Maori;countryConde:mi-NZ
countryName:Quechua (Ecuador);countryConde:quz-EC
countryName:Irish (Ireland);countryConde:ga-IE
countryName:Romansh (Switzerland);countryConde:rm-CH
countryName:Serbian (Latin, Bosnia and Herzegovina);countryConde:sr-Latn-BA
countryName:Sami, Lule (Sweden);countryConde:smj-SE
countryName:Luxembourgish (Luxembourg);countryConde:lb-LU
countryName:Sesotho sa Leboa (South Africa);countryConde:ns-ZA
countryName:Quechua (Bolivia);countryConde:quz-BO
countryName:Sami, Northern (Norway);countryConde:se-NO
countryName:Maltese;countryConde:mt-MT
countryName:Bosnian (Latin, Bosnia and Herzegovina);countryConde:bs-Latn-BA
